pos	ref	reads_all	matches	mismatches	deletions	insertions	A	C	T	G	low_conf	homopolymer	methylation
1	G	2265	2265	0	0	0	0	0	0	2265	False		
2	G	2285	2285	0	0	0	0	0	0	2285	False		
3	A	2379	2379	0	0	0	2379	0	0	0	False		
4	A	2453	2453	0	0	0	2453	0	0	0	False		
5	A	2533	2533	0	0	1	2533	0	0	0	False		
6	C	2545	2545	0	0	1	0	2545	0	0	False		
7	A	2563	2563	0	0	0	2563	0	0	0	False		
8	G	2581	2581	0	0	0	0	0	0	2581	False		
9	C	2588	2588	0	0	2	0	2588	0	0	False		
10	T	2595	2594	0	1	0	0	0	2594	0	False		
11	A	2609	2607	0	2	0	2607	0	0	0	False		
12	T	2619	2619	0	0	0	0	0	2619	0	False		
13	G	2633	2630	2	1	0	0	0	2	2630	False		
14	A	2663	2662	0	1	1	2662	0	0	0	False		
15	C	2691	2690	0	1	0	0	2690	0	0	False		
16	C	2701	2699	2	0	0	0	2699	1	1	False		
17	A	2704	2703	0	1	0	2703	0	0	0	False		
18	T	2705	2705	0	0	0	0	0	2705	0	False		
19	G	2705	2703	1	1	0	0	1	0	2703	False		
20	A	2708	2707	0	1	0	2707	0	0	0	False		
21	C	2712	2711	0	1	0	0	2711	0	0	False		
22	A	2712	2711	1	0	1	2711	0	0	1	False		
23	C	2712	2712	0	0	0	0	2712	0	0	False		
24	A	2712	2711	0	1	0	2711	0	0	0	False		
25	T	2712	2712	0	0	0	0	0	2712	0	False		
26	G	2713	2712	1	0	0	0	1	0	2712	False		
27	C	2713	2713	0	0	0	0	2713	0	0	False		
28	A	2714	2714	0	0	0	2714	0	0	0	False		
29	T	2714	2714	0	0	0	0	0	2714	0	False		
30	C	2714	2714	0	0	0	0	2714	0	0	False		
31	C	2715	2715	0	0	0	0	2715	0	0	False		
32	A	2715	2714	1	0	0	2714	1	0	0	False		
33	C	2715	2715	0	0	0	0	2715	0	0	False		
34	C	2715	2714	1	0	0	1	2714	0	0	False		
35	A	2715	2714	1	0	1	2714	0	0	1	False		
36	T	2715	2715	0	0	0	0	0	2715	0	False		
37	C	2715	2715	0	0	0	0	2715	0	0	False		
38	G	2715	2715	0	0	0	0	0	0	2715	False		
39	C	2715	2714	1	0	0	0	2714	0	1	False		
40	A	2715	2715	0	0	0	2715	0	0	0	False		
41	G	2715	2714	0	1	0	0	0	0	2714	False		
42	A	2715	2715	0	0	0	2715	0	0	0	False		
43	C	2715	2715	0	0	1	0	2715	0	0	False		
44	T	2715	2714	0	1	0	0	0	2714	0	False		
45	T	2715	2714	1	0	0	0	1	2714	0	False		
46	A	2715	2715	0	0	0	2715	0	0	0	False		
47	T	2715	2714	0	1	0	0	0	2714	0	False		
48	C	2715	2714	0	1	0	0	2714	0	0	False		
49	A	2715	2715	0	0	0	2715	0	0	0	False		
50	T	2715	2715	0	0	0	0	0	2715	0	False		
51	C	2715	2715	0	0	0	0	2715	0	0	False		
52	A	2715	2715	0	0	0	2715	0	0	0	False		
53	C	2715	2715	0	0	0	0	2715	0	0	False		
54	T	2715	2715	0	0	0	0	0	2715	0	False		
55	G	2715	2714	1	0	0	0	1	0	2714	False		
56	A	2715	2715	0	0	0	2715	0	0	0	False		
57	G	2715	2714	1	0	0	1	0	0	2714	False		
58	C	2715	2715	0	0	1	0	2715	0	0	False		
59	C	2715	2715	0	0	0	0	2715	0	0	False		
60	T	2715	2714	1	0	10	0	1	2714	0	False		
61	C	2715	2715	0	0	0	0	2715	0	0	False		
62	C	2715	2715	0	0	0	0	2715	0	0	False		
63	A	2715	2715	0	0	0	2715	0	0	0	False		
64	C	2716	2715	1	0	0	0	2715	0	1	False		
65	C	2716	2715	1	0	0	0	2715	1	0	False		
66	T	2716	2715	1	0	0	1	0	2715	0	False		
67	A	2716	2715	1	0	0	2715	1	0	0	False		
68	G	2716	2716	0	0	1	0	0	0	2716	False		
69	C	2716	2715	0	1	0	0	2715	0	0	False		
70	C	2716	2716	0	0	0	0	2716	0	0	False		
71	T	2716	2716	0	0	2	0	0	2716	0	False		
72	T	2716	2715	1	0	0	0	1	2715	0	False		
73	G	2716	2713	0	3	2	0	0	0	2713	False		
74	T	2716	2710	0	6	0	0	0	2710	0	False		
75	C	2716	2709	0	7	1	0	2709	0	0	False		
76	T	2716	2712	0	4	0	0	0	2712	0	False		
77	C	2716	2711	1	4	27	1	2711	0	0	False		
78	G	2716	2712	3	1	62	0	2	1	2712	False		
79	T	2716	2712	1	3	2	1	0	2712	0	False		
80	C	2716	2712	1	3	1	0	2712	1	0	False		
81	T	2716	2713	0	3	7	0	0	2713	0	False		
82	C	2716	2712	4	0	8	2	2712	2	0	False		
83	G	2716	2708	8	0	1	0	7	1	2708	False		
84	A	2716	2716	0	0	1	2716	0	0	0	False		
85	C	2716	2713	2	1	0	0	2713	2	0	False		
86	C	2716	2715	1	0	0	0	2715	1	0	False		
87	C	2716	2712	4	0	4	0	2712	4	0	False		
88	T	2716	2708	8	0	0	0	8	2708	0	False		
89	T	2716	2716	0	0	0	0	0	2716	0	False		
90	A	2716	2715	1	0	0	2715	0	0	1	False		
91	G	2716	2716	0	0	0	0	0	0	2716	False		
92	C	2716	2716	0	0	0	0	2716	0	0	False		
93	T	2716	2715	1	0	0	0	1	2715	0	False		
94	A	2716	2715	1	0	0	2715	1	0	0	False		
95	C	2716	2716	0	0	0	0	2716	0	0	False		
96	C	2716	2716	0	0	0	0	2716	0	0	False		
97	T	2716	2715	1	0	0	0	1	2715	0	False		
98	G	2716	2716	0	0	0	0	0	0	2716	False		
99	T	2716	2716	0	0	0	0	0	2716	0	False		
100	G	2716	2716	0	0	0	0	0	0	2716	False		
101	A	2716	2716	0	0	0	2716	0	0	0	False		
102	T	2716	2715	1	0	0	0	0	2715	1	False		
103	G	2716	2715	1	0	4	1	0	0	2715	False		
104	C	2716	2715	0	1	0	0	2715	0	0	False		
105	C	2716	2713	1	2	1	1	2713	0	0	False		
106	G	2716	2711	3	2	0	1	2	0	2711	False		
107	A	2716	2716	0	0	0	2716	0	0	0	False		
108	A	2716	2716	0	0	0	2716	0	0	0	False		
109	C	2716	2716	0	0	1	0	2716	0	0	False		
110	A	2717	2716	1	0	1	2716	0	0	1	False		
111	A	2717	2717	0	0	0	2717	0	0	0	False		
112	C	2717	2716	1	0	0	0	2716	1	0	False		
113	T	2717	2717	0	0	1	0	0	2717	0	False		
114	C	2717	2717	0	0	0	0	2717	0	0	False		
115	C	2717	2716	1	0	0	1	2716	0	0	False		
116	T	2718	2718	0	0	0	0	0	2718	0	False		
117	G	2718	2715	1	2	0	0	1	0	2715	False		
118	C	2718	2718	0	0	0	0	2718	0	0	False		
119	A	2718	2717	0	1	0	2717	0	0	0	False		
120	T	2718	2717	0	1	2	0	0	2717	0	False		
121	G	2718	2716	0	2	0	0	0	0	2716	False		
122	A	2718	2716	1	1	0	2716	1	0	0	False		
123	G	2718	2717	1	0	0	1	0	0	2717	False		
124	G	2718	2718	0	0	0	0	0	0	2718	False		
125	G	2718	2718	0	0	0	0	0	0	2718	False		
126	G	2718	2718	0	0	0	0	0	0	2718	False		
127	C	2718	2718	0	0	0	0	2718	0	0	False		
128	G	2718	2718	0	0	1	0	0	0	2718	False		
129	T	2718	2718	0	0	1	0	0	2718	0	False		
130	A	2718	2714	4	0	0	2714	2	0	2	False		
131	G	2718	2716	2	0	0	2	0	0	2716	False		
132	C	2718	2718	0	0	2	0	2718	0	0	False		
133	A	2718	2714	2	2	0	2714	0	0	2	False		
134	A	2718	2718	0	0	0	2718	0	0	0	False		
135	A	2718	2715	3	0	0	2715	0	0	3	False		
136	G	2718	2715	1	2	0	1	0	0	2715	False		
137	G	2718	2717	0	1	0	0	0	0	2717	False		
138	G	2718	2717	0	1	1	0	0	0	2717	False		
139	G	2718	2718	0	0	0	0	0	0	2718	False		
140	T	2718	2718	0	0	0	0	0	2718	0	False		
141	G	2718	2718	0	0	0	0	0	0	2718	False		
142	T	2718	2716	2	0	0	0	2	2716	0	False		
143	A	2718	2717	1	0	0	2717	0	0	1	False		
144	T	2718	2718	0	0	0	0	0	2718	0	False		
145	G	2718	2718	0	0	1	0	0	0	2718	False		
146	T	2718	2718	0	0	0	0	0	2718	0	False		
147	C	2718	2718	0	0	0	0	2718	0	0	False		
148	C	2718	2718	0	0	1	0	2718	0	0	False		5mC
149	T	2718	2718	0	0	0	0	0	2718	0	False		
150	G	2718	2716	0	2	0	0	0	0	2716	False		5mC
151	G	2718	2717	1	0	0	0	1	0	2717	False		
152	A	2718	2718	0	0	0	2718	0	0	0	False		
153	T	2718	2718	0	0	0	0	0	2718	0	False		
154	A	2718	2718	0	0	0	2718	0	0	0	False		
155	C	2718	2717	1	0	0	0	2717	1	0	False		
156	G	2718	2715	2	1	0	2	0	0	2715	False		
157	C	2718	2717	0	1	0	0	2717	0	0	False		
158	A	2718	2716	1	1	0	2716	0	0	1	False		
159	G	2718	2718	0	0	0	0	0	0	2718	False		
160	C	2718	2717	1	0	0	0	2717	1	0	False		
161	A	2718	2717	1	0	0	2717	1	0	0	False		
162	G	2718	2718	0	0	0	0	0	0	2718	False		
163	C	2718	2718	0	0	0	0	2718	0	0	False		
164	C	2718	2718	0	0	1	0	2718	0	0	False		
165	G	2718	2716	2	0	0	2	0	0	2716	False		
166	C	2718	2718	0	0	0	0	2718	0	0	False		
167	T	2718	2718	0	0	2	0	0	2718	0	False		
168	G	2718	2717	0	1	0	0	0	0	2717	False		
169	G	2718	2718	0	0	0	0	0	0	2718	False		
170	G	2718	2717	1	0	0	1	0	0	2717	False		
171	T	2718	2718	0	0	0	0	0	2718	0	False		
172	G	2718	2717	1	0	0	1	0	0	2717	False		
173	T	2718	2717	0	1	0	0	0	2717	0	False		
174	G	2718	2717	0	1	0	0	0	0	2717	False		
175	C	2718	2717	0	1	1	0	2717	0	0	False		
176	T	2718	2718	0	0	0	0	0	2718	0	False		
177	G	2718	2718	0	0	1	0	0	0	2718	False		
178	A	2718	2718	0	0	1	2718	0	0	0	False		
179	G	2718	2718	0	0	0	0	0	0	2718	False		
180	C	2718	2716	2	0	0	0	2716	2	0	False		
181	A	2718	2718	0	0	0	2718	0	0	0	False		
182	T	2718	2717	1	0	0	1	0	2717	0	False		
183	T	2718	2717	1	0	0	0	1	2717	0	False		
184	G	2718	2717	0	1	0	0	0	0	2717	False		
185	A	2718	2717	0	1	0	2717	0	0	0	False		
186	T	2718	2717	1	0	0	0	1	2717	0	False		
187	G	2718	2718	0	0	1	0	0	0	2718	False		
188	C	2718	2716	1	1	0	0	2716	1	0	False		
189	T	2718	2718	0	0	1	0	0	2718	0	False		
190	G	2718	2718	0	0	0	0	0	0	2718	False		
191	C	2718	2717	1	0	0	0	2717	1	0	False		
192	G	2718	2714	0	4	1	0	0	0	2714	False		
193	G	2718	2714	2	2	0	1	1	0	2714	False		
194	A	2718	2718	0	0	0	2718	0	0	0	False		
195	G	2718	2717	0	1	0	0	0	0	2717	False		
196	C	2718	2717	1	0	0	0	2717	1	0	False		
197	T	2718	2717	1	0	0	0	1	2717	0	False		
198	C	2718	2715	2	1	4	0	2715	1	1	False		
199	G	2718	2717	0	1	1	0	0	0	2717	False		
200	G	2718	2718	0	0	0	0	0	0	2718	False		
201	T	2718	2717	1	0	0	0	1	2717	0	False		
202	G	2718	2711	6	1	0	0	6	0	2711	False		
203	A	2718	2718	0	0	0	2718	0	0	0	False		
204	G	2718	2717	0	1	0	0	0	0	2717	False		
205	C	2718	2718	0	0	0	0	2718	0	0	False		
206	A	2718	2714	3	1	0	2714	0	0	3	False		
207	T	2718	2718	0	0	2	0	0	2718	0	False		
208	A	2718	2698	20	0	1	2698	17	0	3	False		
209	G	2718	2699	19	0	3	18	1	0	2699	False		
210	C	2718	2718	0	0	0	0	2718	0	0	False		
211	C	2718	2717	1	0	0	0	2717	1	0	False		
212	A	2718	2718	0	0	0	2718	0	0	0	False		
213	T	2718	2718	0	0	0	0	0	2718	0	False		
214	G	2718	2717	1	0	0	0	1	0	2717	False		
215	A	2718	2718	0	0	0	2718	0	0	0	False		6mA
216	T	2718	2717	0	1	0	0	0	2717	0	False		6mA
217	C	2718	2718	0	0	0	0	2718	0	0	False		
218	T	2718	2718	0	0	0	0	0	2718	0	False		
219	T	2718	2718	0	0	0	0	0	2718	0	False		
220	C	2718	2717	0	1	0	0	2717	0	0	False		
221	A	2718	2717	1	0	0	2717	0	0	1	False		
222	G	2718	2716	0	2	0	0	0	0	2716	False		
223	G	2718	2716	1	1	1	0	1	0	2716	False		
224	A	2718	2716	1	1	1	2716	0	0	1	False		
225	A	2718	2715	2	1	0	2715	0	0	2	False		
226	C	2718	2717	0	1	1	0	2717	0	0	False		
227	A	2718	2716	1	1	0	2716	0	0	1	False		
228	A	2718	2717	0	1	0	2717	0	0	0	False		
229	G	2718	2718	0	0	0	0	0	0	2718	False		
230	A	2718	2717	1	0	1	2717	1	0	0	False		
231	A	2718	2718	0	0	0	2718	0	0	0	False		
232	C	2718	2718	0	0	0	0	2718	0	0	False		
233	C	2718	2718	0	0	1	0	2718	0	0	False		
234	T	2718	2717	1	0	1	0	0	2717	1	False		
235	A	2718	2717	1	0	0	2717	0	1	0	False		
236	T	2718	2718	0	0	3	0	0	2718	0	False		
237	G	2718	2715	3	0	1	0	3	0	2715	False		
238	A	2718	2718	0	0	0	2718	0	0	0	False		
239	G	2718	2717	0	1	0	0	0	0	2717	False		
240	C	2718	2718	0	0	0	0	2718	0	0	False		
241	A	2718	2717	1	0	1	2717	1	0	0	False		
242	G	2718	2718	0	0	0	0	0	0	2718	False		
243	G	2718	2718	0	0	0	0	0	0	2718	False		
244	C	2718	2718	0	0	2	0	2718	0	0	False		
245	T	2718	2718	0	0	1	0	0	2718	0	False		
246	G	2718	2713	1	4	0	0	1	0	2713	False		
247	G	2718	2718	0	0	0	0	0	0	2718	False		
248	G	2718	2717	1	0	0	0	1	0	2717	False		
249	G	2718	2718	0	0	0	0	0	0	2718	False		
250	C	2718	2714	1	3	0	0	2714	1	0	False		
251	C	2718	2717	1	0	0	0	2717	0	1	False		
252	G	2718	2712	5	1	0	2	3	0	2712	False		
253	A	2718	2717	1	0	2	2717	0	0	1	False		
254	T	2718	2717	1	0	0	0	1	2717	0	False		
255	T	2718	2717	1	0	1	0	1	2717	0	False		
256	G	2718	2716	1	1	0	0	1	0	2716	False		
257	C	2718	2718	0	0	0	0	2718	0	0	False		
258	A	2718	2718	0	0	0	2718	0	0	0	False		
259	T	2718	2718	0	0	0	0	0	2718	0	False		
260	T	2718	2718	0	0	0	0	0	2718	0	False		
261	C	2718	2717	1	0	0	0	2717	0	1	False		
262	A	2718	2716	2	0	0	2716	0	0	2	False		
263	A	2718	2718	0	0	0	2718	0	0	0	False		
264	T	2718	2718	0	0	0	0	0	2718	0	False		
265	G	2718	2718	0	0	0	0	0	0	2718	False		
266	T	2718	2718	0	0	0	0	0	2718	0	False		
267	A	2718	2716	2	0	0	2716	2	0	0	False		
268	G	2718	2715	2	1	0	2	0	0	2715	False		
269	G	2718	2716	2	0	0	2	0	0	2716	False		
270	A	2718	2716	2	0	0	2716	0	0	2	False		
271	C	2718	2718	0	0	1	0	2718	0	0	False		
272	T	2718	2717	0	1	0	0	0	2717	0	False		
273	T	2718	2715	3	0	0	0	3	2715	0	False		
274	C	2718	2717	1	0	0	0	2717	0	1	False		
275	A	2718	2718	0	0	0	2718	0	0	0	False		
276	G	2718	2718	0	0	0	0	0	0	2718	False		
277	A	2718	2717	1	0	0	2717	0	0	1	False		
278	G	2718	2712	6	0	0	6	0	0	2712	False		
279	T	2718	2711	6	1	0	0	0	2711	6	False		
280	A	2718	2718	0	0	0	2718	0	0	0	False		
281	A	2718	2717	1	0	1	2717	0	0	1	False		
282	T	2718	2718	0	0	0	0	0	2718	0	False		
283	G	2718	2718	0	0	0	0	0	0	2718	False		
284	G	2718	2717	1	0	0	0	0	1	2717	False		
285	C	2718	2718	0	0	0	0	2718	0	0	False		
286	G	2718	2715	3	0	0	2	0	1	2715	False		
287	A	2718	2718	0	0	0	2718	0	0	0	False		
288	A	2718	2717	1	0	0	2717	0	1	0	False		
289	T	2718	2718	0	0	0	0	0	2718	0	False		
290	T	2718	2718	0	0	0	0	0	2718	0	False		
291	G	2718	2718	0	0	0	0	0	0	2718	False		
292	C	2718	2717	1	0	0	0	2717	1	0	False		
293	T	2718	2717	1	0	2	0	1	2717	0	False		
294	C	2718	2717	0	1	0	0	2717	0	0	False		
295	C	2718	2716	0	2	0	0	2716	0	0	False		
296	T	2718	2715	1	2	0	0	0	2715	1	False		
297	G	2718	2715	1	2	0	0	1	0	2715	False		
298	C	2718	2717	1	0	1	0	2717	1	0	False		
299	A	2718	2718	0	0	0	2718	0	0	0	False		
300	G	2718	2718	0	0	0	0	0	0	2718	False		
301	C	2718	2718	0	0	0	0	2718	0	0	False		
302	T	2718	2718	0	0	0	0	0	2718	0	False		
303	G	2718	2717	1	0	1	0	1	0	2717	False		
304	G	2718	2718	0	0	0	0	0	0	2718	False		
305	T	2718	2717	1	0	1	0	1	2717	0	False		
306	C	2718	2718	0	0	0	0	2718	0	0	False		
307	C	2718	2718	0	0	0	0	2718	0	0	False		
308	A	2718	2717	1	0	0	2717	1	0	0	False		
309	C	2718	2717	1	0	0	1	2717	0	0	False		
310	C	2718	2717	1	0	0	0	2717	0	1	False		
311	A	2718	2718	0	0	0	2718	0	0	0	False		
312	C	2718	2718	0	0	0	0	2718	0	0	False		
313	G	2718	2718	0	0	0	0	0	0	2718	False		
314	C	2718	2716	2	0	0	0	2716	2	0	False		
315	G	2718	2717	0	1	0	0	0	0	2717	False		
316	G	2718	2718	0	0	0	0	0	0	2718	False		
317	T	2718	2718	0	0	0	0	0	2718	0	False		
318	G	2718	2718	0	0	0	0	0	0	2718	False		
319	C	2718	2717	1	0	1	0	2717	1	0	False		
320	T	2718	2718	0	0	1	0	0	2718	0	False		
321	G	2718	2717	0	1	0	0	0	0	2717	False		
322	C	2718	2718	0	0	0	0	2718	0	0	False		
323	A	2718	2718	0	0	0	2718	0	0	0	False		
324	G	2718	2716	2	0	0	2	0	0	2716	False		
325	C	2718	2718	0	0	0	0	2718	0	0	False		
326	A	2718	2718	0	0	0	2718	0	0	0	False		
327	C	2718	2718	0	0	0	0	2718	0	0	False		
328	A	2718	2715	3	0	0	2715	0	0	3	False		
329	C	2718	2717	1	0	0	0	2717	1	0	False		
330	C	2718	2717	1	0	0	0	2717	1	0	False		5mC
331	T	2718	2716	2	0	0	0	2	2716	0	False		
332	G	2718	2716	1	1	0	0	0	1	2716	False		5mC
333	G	2718	2717	0	1	0	0	0	0	2717	False		
334	G	2718	2716	1	1	0	0	1	0	2716	False		
335	C	2718	2717	1	0	0	0	2717	1	0	False		
336	G	2718	2716	1	1	0	1	0	0	2716	False		
337	G	2718	2717	0	1	0	0	0	0	2717	False		
338	T	2718	2715	2	1	0	0	1	2715	1	False		
339	C	2718	2715	2	1	0	2	2715	0	0	False		
340	T	2718	2717	0	1	6	0	0	2717	0	False		
341	G	2718	2696	3	19	1	0	3	0	2696	False		
342	G	2718	2716	0	2	0	0	0	0	2716	False		
343	G	2718	2716	1	1	4	1	0	0	2716	False		
344	G	2718	2712	5	1	0	5	0	0	2712	False		
345	A	2718	2710	2	6	0	2710	0	0	2	False		
346	G	2718	2709	1	8	0	1	0	0	2709	False		
347	A	2718	2707	0	11	0	2707	0	0	0	False		
348	A	2718	2700	0	18	1	2700	0	0	0	False		
349	G	2718	2698	1	19	0	1	0	0	2698	False		
350	A	2718	2712	4	2	2	2712	1	1	2	False		
351	G	2718	2706	4	8	3	2	0	2	2706	False		
352	G	2718	2715	3	0	1	2	0	1	2715	False		
353	G	2718	2717	1	0	0	1	0	0	2717	False		
354	A	2718	2718	0	0	0	2718	0	0	0	False		
355	G	2718	2716	1	1	0	1	0	0	2716	False		
356	A	2718	2718	0	0	0	2718	0	0	0	False		
357	T	2718	2718	0	0	0	0	0	2718	0	False		
358	G	2718	2717	1	0	0	1	0	0	2717	False		
359	G	2718	2718	0	0	0	0	0	0	2718	False		
360	C	2718	2716	0	2	0	0	2716	0	0	False		
361	C	2718	2718	0	0	1	0	2718	0	0	False		
362	T	2718	2718	0	0	0	0	0	2718	0	False		
363	G	2718	2715	1	2	0	0	1	0	2715	False		
364	C	2718	2718	0	0	0	0	2718	0	0	False		
365	A	2718	2718	0	0	1	2718	0	0	0	False		
366	T	2718	2718	0	0	0	0	0	2718	0	False		
367	C	2718	2714	3	1	0	0	2714	0	3	False		
368	A	2718	2716	1	1	0	2716	1	0	0	False		
369	G	2718	2716	1	1	0	1	0	0	2716	False		
370	C	2718	2716	0	2	0	0	2716	0	0	False		
371	A	2718	2716	0	2	0	2716	0	0	0	False		
372	C	2718	2717	1	0	0	1	2717	0	0	False		
373	A	2718	2718	0	0	0	2718	0	0	0	False		
374	T	2719	2718	1	0	0	0	0	2718	1	False		
375	A	2719	2718	1	0	1	2718	0	0	1	False		
376	C	2719	2716	1	2	0	0	2716	1	0	False		
377	T	2719	2718	0	1	0	0	0	2718	0	False		
378	C	2719	2718	0	1	0	0	2718	0	0	False		
379	C	2719	2718	1	0	0	0	2718	1	0	False		
380	T	2719	2719	0	0	1	0	0	2719	0	False		
381	C	2719	2719	0	0	0	0	2719	0	0	False		
382	C	2719	2717	0	2	0	0	2717	0	0	False		
383	T	2719	2716	1	2	0	0	1	2716	0	False		
384	C	2719	2719	0	0	0	0	2719	0	0	False		
385	A	2719	2719	0	0	1	2719	0	0	0	False		
386	T	2719	2718	1	0	0	0	1	2718	0	False		
387	G	2719	2719	0	0	1	0	0	0	2719	False		
388	C	2719	2719	0	0	0	0	2719	0	0	False		
389	A	2719	2719	0	0	0	2719	0	0	0	False		
390	G	2719	2719	0	0	0	0	0	0	2719	False		
391	C	2719	2719	0	0	0	0	2719	0	0	False		
392	T	2719	2719	0	0	0	0	0	2719	0	False		
393	G	2719	2719	0	0	0	0	0	0	2719	False		
394	C	2719	2718	0	1	0	0	2718	0	0	False		
395	A	2719	2718	0	1	0	2718	0	0	0	False		
396	G	2719	2718	0	1	0	0	0	0	2718	False		
397	C	2719	2718	0	1	0	0	2718	0	0	False		
398	T	2719	2718	0	1	0	0	0	2718	0	False		
399	T	2719	2718	0	1	0	0	0	2718	0	False		
400	C	2719	2719	0	0	1	0	2719	0	0	False		
401	T	2719	2717	0	2	0	0	0	2717	0	False		
402	T	2719	2717	2	0	0	1	1	2717	0	False		
403	C	2719	2717	2	0	0	0	2717	0	2	False		
404	A	2719	2719	0	0	0	2719	0	0	0	False		
405	G	2719	2719	0	0	0	0	0	0	2719	False		
406	C	2719	2719	0	0	0	0	2719	0	0	False		
407	A	2719	2719	0	0	0	2719	0	0	0	False		
408	T	2720	2720	0	0	0	0	0	2720	0	False		
409	G	2720	2720	0	0	0	0	0	0	2720	False		
410	T	2720	2720	0	0	0	0	0	2720	0	False		
411	A	2720	2715	4	1	0	2715	4	0	0	False		
412	G	2720	2720	0	0	0	0	0	0	2720	False		
413	T	2720	2720	0	0	1	0	0	2720	0	False		
414	G	2720	2720	0	0	0	0	0	0	2720	False		
415	G	2720	2720	0	0	0	0	0	0	2720	False		
416	A	2720	2720	0	0	0	2720	0	0	0	False		
417	A	2720	2719	1	0	0	2719	1	0	0	False		
418	T	2720	2720	0	0	0	0	0	2720	0	False		
419	T	2720	2720	0	0	0	0	0	2720	0	False		
420	T	2720	2720	0	0	0	0	0	2720	0	False		
421	C	2720	2717	3	0	0	0	2717	1	2	False		
422	A	2720	2720	0	0	0	2720	0	0	0	False		
423	G	2720	2720	0	0	0	0	0	0	2720	False		
424	C	2720	2720	0	0	0	0	2720	0	0	False		
425	A	2720	2720	0	0	0	2720	0	0	0	False		
426	T	2720	2720	0	0	0	0	0	2720	0	False		
427	G	2720	2720	0	0	0	0	0	0	2720	False		
428	G	2720	2720	0	0	0	0	0	0	2720	False		
429	G	2720	2719	1	0	0	0	0	1	2719	False		
430	C	2720	2720	0	0	0	0	2720	0	0	False		
431	T	2720	2720	0	0	1	0	0	2720	0	False		
432	C	2720	2720	0	0	0	0	2720	0	0	False		
433	C	2720	2720	0	0	1	0	2720	0	0	False		
434	A	2720	2718	1	1	0	2718	0	0	1	False		
435	G	2720	2718	2	0	0	1	0	1	2718	False		
436	T	2720	2719	1	0	1	0	1	2719	0	False		
437	A	2720	2719	0	1	1	2719	0	0	0	False		
438	G	2720	2715	4	1	0	0	4	0	2715	False		
439	A	2720	2717	1	2	0	2717	1	0	0	False		
440	A	2720	2719	1	0	1	2719	0	0	1	False		
441	G	2720	2720	0	0	0	0	0	0	2720	False		
442	T	2720	2720	0	0	0	0	0	2720	0	False		
443	T	2720	2719	1	0	0	0	1	2719	0	False		
444	G	2720	2718	1	1	0	0	0	1	2718	False		
445	C	2720	2720	0	0	0	0	2720	0	0	False		
446	T	2720	2720	0	0	4	0	0	2720	0	False		
447	G	2720	2717	1	2	0	0	1	0	2717	False		
448	G	2720	2719	1	0	0	0	1	0	2719	False		
449	A	2720	2719	0	1	0	2719	0	0	0	False		
450	A	2720	2719	0	1	0	2719	0	0	0	False		
451	G	2720	2718	0	2	0	0	0	0	2718	False		
452	C	2720	2717	1	2	0	0	2717	1	0	False		
453	C	2720	2719	0	1	0	0	2719	0	0	False		
454	A	2720	2716	3	1	0	2716	0	0	3	False		
455	C	2720	2718	0	2	0	0	2718	0	0	False		
456	C	2720	2720	0	0	0	0	2720	0	0	False		
457	T	2720	2720	0	0	0	0	0	2720	0	False		
458	G	2720	2719	1	0	0	1	0	0	2719	False		
459	C	2720	2716	4	0	0	0	2716	0	4	False		
460	A	2720	2719	1	0	0	2719	1	0	0	False		
461	G	2720	2720	0	0	0	0	0	0	2720	False		
462	T	2720	2713	6	1	0	0	6	2713	0	False		
463	G	2720	2717	2	1	0	1	1	0	2717	False		
464	T	2720	2719	0	1	0	0	0	2719	0	False		
465	C	2720	2718	0	2	0	0	2718	0	0	False		
466	C	2720	2717	2	1	0	0	2717	2	0	False		
467	T	2720	2719	1	0	0	0	1	2719	0	False		
468	C	2720	2719	1	0	0	0	2719	0	1	False		
469	C	2720	2720	0	0	0	0	2720	0	0	False		
470	A	2720	2715	0	5	0	2715	0	0	0	False		
471	A	2720	2720	0	0	0	2720	0	0	0	False		
472	G	2720	2720	0	0	0	0	0	0	2720	False		
473	C	2720	2720	0	0	0	0	2720	0	0	False		
474	A	2720	2714	6	0	0	2714	0	0	6	False		
475	G	2720	2719	1	0	0	1	0	0	2719	False		
476	T	2720	2712	0	8	0	0	0	2712	0	False		
477	A	2720	2713	7	0	0	2713	6	0	1	False		
478	G	2720	2720	0	0	0	0	0	0	2720	False		
479	G	2720	2720	0	0	0	0	0	0	2720	False		
480	A	2720	2720	0	0	0	2720	0	0	0	False		
481	C	2720	2720	0	0	0	0	2720	0	0	False		
482	A	2720	2720	0	0	0	2720	0	0	0	False		
483	G	2720	2719	0	1	0	0	0	0	2719	False		
484	C	2720	2717	2	1	0	1	2717	1	0	False		
485	C	2720	2719	0	1	0	0	2719	0	0	False		
486	G	2720	2719	0	1	1	0	0	0	2719	False		
487	G	2720	2719	0	1	1	0	0	0	2719	False		
488	C	2720	2718	1	1	0	0	2718	1	0	False		
489	C	2720	2717	0	3	1	0	2717	0	0	False		
490	A	2720	2716	1	3	1	2716	0	0	1	False		
491	C	2720	2717	2	1	0	0	2717	0	2	False		
492	A	2720	2715	4	1	1	2715	1	0	3	False		
493	C	2720	2717	1	2	2	0	2717	0	1	False		
494	T	2720	2717	2	1	4	0	2	2717	0	False		
495	C	2720	2715	1	4	0	0	2715	1	0	False		
496	C	2720	2720	0	0	0	0	2720	0	0	False		
497	C	2720	2720	0	0	0	0	2720	0	0	False		5mC
498	A	2720	2719	1	0	0	2719	0	0	1	False		
499	G	2720	2720	0	0	0	0	0	0	2720	False		5mC
500	G	2720	2719	1	0	0	0	1	0	2719	False		
501	T	2720	2720	0	0	0	0	0	2720	0	False		
502	T	2720	2720	0	0	0	0	0	2720	0	False		
503	C	2720	2716	3	1	0	0	2716	2	1	False		
504	C	2720	2719	1	0	0	0	2719	0	1	False		
505	A	2720	2719	0	1	0	2719	0	0	0	False		
506	G	2720	2718	2	0	0	0	1	1	2718	False		
507	T	2720	2720	0	0	0	0	0	2720	0	False		
508	C	2720	2719	1	0	0	0	2719	1	0	False		
509	T	2720	2718	1	1	3	0	1	2718	0	False		
510	C	2720	2720	0	0	0	0	2720	0	0	False		
511	C	2720	2719	1	0	0	0	2719	1	0	False		
512	G	2720	2720	0	0	1	0	0	0	2720	False		
513	C	2720	2718	2	0	0	0	2718	2	0	False		
514	G	2720	2720	0	0	0	0	0	0	2720	False		
515	T	2720	2720	0	0	0	0	0	2720	0	False		
516	T	2720	2716	4	0	0	0	4	2716	0	False		
517	G	2720	2720	0	0	0	0	0	0	2720	False		
518	A	2720	2719	1	0	0	2719	0	0	1	False		
519	A	2720	2719	1	0	0	2719	0	0	1	False		
520	C	2720	2720	0	0	0	0	2720	0	0	False		
521	A	2720	2719	0	1	0	2719	0	0	0	False		
522	C	2720	2720	0	0	0	0	2720	0	0	False		
523	T	2720	2720	0	0	0	0	0	2720	0	False		
524	G	2720	2720	0	0	0	0	0	0	2720	False		
525	T	2720	2720	0	0	0	0	0	2720	0	False		
526	G	2720	2720	0	0	0	0	0	0	2720	False		
527	T	2720	2720	0	0	0	0	0	2720	0	False		
528	T	2720	2720	0	0	0	0	0	2720	0	False		
529	G	2720	2719	1	0	0	0	1	0	2719	False		
530	A	2720	2720	0	0	0	2720	0	0	0	False		
531	A	2720	2720	0	0	1	2720	0	0	0	False		
532	T	2720	2720	0	0	0	0	0	2720	0	False		
533	C	2720	2720	0	0	0	0	2720	0	0	False		
534	T	2720	2720	0	0	0	0	0	2720	0	False		
535	C	2720	2719	1	0	0	0	2719	1	0	False		
536	A	2720	2719	1	0	0	2719	1	0	0	False		
537	G	2720	2720	0	0	0	0	0	0	2720	False		
538	T	2721	2721	0	0	0	0	0	2721	0	False		
539	T	2721	2719	2	0	0	0	2	2719	0	False		
540	G	2721	2720	1	0	0	0	1	0	2720	False		
541	A	2721	2720	1	0	0	2720	0	1	0	False		
542	C	2721	2721	0	0	0	0	2721	0	0	False		
543	A	2721	2721	0	0	0	2721	0	0	0	False		
544	C	2721	2721	0	0	1	0	2721	0	0	False		
545	A	2721	2721	0	0	0	2721	0	0	0	False		
546	G	2721	2721	0	0	0	0	0	0	2721	False		
547	C	2721	2721	0	0	0	0	2721	0	0	False		
548	T	2721	2721	0	0	0	0	0	2721	0	False		
549	C	2721	2720	0	1	1	0	2720	0	0	False		
550	G	2721	2711	3	7	7	2	0	1	2711	False		
551	A	2721	2711	1	9	1	2711	1	0	0	False		
552	A	2721	2712	2	7	0	2712	0	1	1	False		
553	A	2721	2717	1	3	0	2717	1	0	0	False		
554	G	2721	2716	2	3	0	2	0	0	2716	False		
555	C	2721	2708	10	3	0	1	2708	9	0	False		
556	G	2721	2714	4	3	0	2	0	2	2714	False		
557	G	2721	2719	2	0	1	2	0	0	2719	False		
558	C	2721	2712	2	7	0	0	2712	2	0	False		
559	C	2721	2715	3	3	0	1	2715	1	1	False		
560	C	2721	2718	1	2	0	0	2718	1	0	False		
561	C	2721	2718	3	0	0	0	2718	3	0	False		
562	C	2721	2720	1	0	0	0	2720	1	0	False		
563	T	2721	2721	0	0	0	0	0	2721	0	False		
564	T	2721	2720	1	0	7	0	1	2720	0	False		
565	C	2721	2692	22	7	0	0	2692	0	22	False		
566	A	2721	2718	2	1	1	2718	0	0	2	False		
567	G	2721	2717	1	3	0	1	0	0	2717	False		
568	C	2721	2720	0	1	0	0	2720	0	0	False		
569	A	2721	2714	3	4	1	2714	0	0	3	False		
570	G	2721	2719	1	1	0	1	0	0	2719	False		
571	G	2721	2720	1	0	0	1	0	0	2720	False		
572	G	2721	2721	0	0	2	0	0	0	2721	False		
573	A	2721	2718	3	0	0	2718	0	0	3	False		
574	G	2721	2716	3	2	1	3	0	0	2716	False		
575	A	2721	2721	0	0	0	2721	0	0	0	False		6mA
576	T	2721	2721	0	0	1	0	0	2721	0	False		6mA
577	C	2721	2719	2	0	0	1	2719	1	0	False		
578	T	2721	2719	1	1	1	0	1	2719	0	False		
579	G	2721	2720	1	0	0	1	0	0	2720	False		
580	G	2721	2720	1	0	0	1	0	0	2720	False		
581	T	2721	2720	1	0	1	0	0	2720	1	False		
582	C	2721	2721	0	0	0	0	2721	0	0	False		
583	C	2721	2721	0	0	0	0	2721	0	0	False		
584	T	2721	2721	0	0	0	0	0	2721	0	False		
585	C	2721	2719	2	0	1	0	2719	0	2	False		
586	G	2721	2717	4	0	0	4	0	0	2717	False		
587	A	2721	2721	0	0	0	2721	0	0	0	False		
588	T	2721	2720	1	0	1	0	1	2720	0	False		
589	G	2721	2718	2	1	0	1	1	0	2718	False		
590	G	2721	2720	1	0	0	1	0	0	2720	False		
591	G	2721	2720	0	1	0	0	0	0	2720	False		
592	C	2721	2718	1	2	0	0	2718	1	0	False		
593	A	2721	2720	1	0	0	2720	0	0	1	False		
594	A	2721	2720	1	0	1	2720	0	0	1	False		
595	G	2721	2719	2	0	0	2	0	0	2719	False		
596	T	2721	2720	1	0	0	0	0	2720	1	False		
597	C	2721	2721	0	0	0	0	2721	0	0	False		
598	C	2721	2720	1	0	0	0	2720	0	1	False		
599	C	2721	2720	0	1	0	0	2720	0	0	False		
600	T	2721	2720	0	1	0	0	0	2720	0	False		
601	G	2721	2719	0	2	0	0	0	0	2719	False		
602	A	2721	2719	0	2	0	2719	0	0	0	False		
603	A	2721	2721	0	0	0	2721	0	0	0	False		
604	G	2721	2720	1	0	0	1	0	0	2720	False		
605	T	2721	2720	1	0	1	0	0	2720	1	False		
606	A	2721	2720	1	0	0	2720	1	0	0	False		
607	G	2721	2721	0	0	0	0	0	0	2721	False		
608	G	2721	2721	0	0	0	0	0	0	2721	False		
609	A	2721	2721	0	0	0	2721	0	0	0	False		
610	G	2721	2721	0	0	0	0	0	0	2721	False		
611	A	2721	2721	0	0	0	2721	0	0	0	False		
612	T	2721	2720	0	1	0	0	0	2720	0	False		
613	G	2721	2720	0	1	0	0	0	0	2720	False		
614	A	2721	2719	0	2	0	2719	0	0	0	False		
615	C	2721	2719	1	1	0	0	2719	1	0	False		
616	T	2721	2719	1	1	0	0	1	2719	0	False		
617	T	2721	2720	0	1	0	0	0	2720	0	False		
618	T	2721	2721	0	0	2	0	0	2721	0	False		
619	G	2721	2721	0	0	0	0	0	0	2721	False		
620	G	2721	2721	0	0	0	0	0	0	2721	False		
621	C	2721	2721	0	0	1	0	2721	0	0	False		
622	A	2721	2721	0	0	0	2721	0	0	0	False		
623	A	2721	2721	0	0	0	2721	0	0	0	False		
624	A	2721	2721	0	0	0	2721	0	0	0	False		
625	G	2721	2721	0	0	0	0	0	0	2721	False		
626	C	2721	2721	0	0	0	0	2721	0	0	False		
627	T	2721	2721	0	0	0	0	0	2721	0	False		
628	G	2721	2721	0	0	0	0	0	0	2721	False		
629	A	2721	2721	0	0	0	2721	0	0	0	False		
630	T	2721	2721	0	0	0	0	0	2721	0	False		
631	G	2721	2720	1	0	0	1	0	0	2720	False		
632	A	2721	2721	0	0	0	2721	0	0	0	False		
633	T	2721	2721	0	0	0	0	0	2721	0	False		
634	G	2721	2721	0	0	0	0	0	0	2721	False		
635	C	2721	2721	0	0	0	0	2721	0	0	False		
636	C	2721	2721	0	0	1	0	2721	0	0	False		
637	T	2721	2720	1	0	0	0	1	2720	0	False		
638	T	2721	2721	0	0	0	0	0	2721	0	False		
639	T	2721	2721	0	0	0	0	0	2721	0	False		
640	G	2721	2720	1	0	0	0	1	0	2720	False		
641	A	2721	2721	0	0	0	2721	0	0	0	False		
642	A	2721	2720	1	0	0	2720	0	0	1	False		
643	C	2721	2721	0	0	0	0	2721	0	0	False		
644	A	2721	2721	0	0	1	2721	0	0	0	False		
645	T	2721	2721	0	0	0	0	0	2721	0	False		
646	G	2721	2721	0	0	0	0	0	0	2721	False		
647	T	2721	2721	0	0	0	0	0	2721	0	False		
648	A	2721	2720	1	0	1	2720	1	0	0	False		
649	G	2721	2721	0	0	0	0	0	0	2721	False		
650	G	2721	2721	0	0	0	0	0	0	2721	False		
651	T	2721	2721	0	0	0	0	0	2721	0	False		
652	T	2721	2718	3	0	0	0	3	2718	0	False		
653	G	2721	2712	9	0	1	1	5	3	2712	False		
654	A	2721	2720	1	0	0	2720	0	0	1	False		
655	C	2721	2720	1	0	0	0	2720	1	0	False		
656	A	2721	2721	0	0	0	2721	0	0	0	False		
657	T	2721	2721	0	0	0	0	0	2721	0	False		
658	G	2721	2720	1	0	1	1	0	0	2720	False		
659	T	2721	2721	0	0	0	0	0	2721	0	False		
660	C	2721	2721	0	0	1	0	2721	0	0	False		
661	A	2721	2721	0	0	0	2721	0	0	0	False		
662	G	2721	2721	0	0	0	0	0	0	2721	False		
663	C	2721	2721	0	0	0	0	2721	0	0	False		
664	C	2721	2721	0	0	2	0	2721	0	0	False		
665	A	2721	2721	0	0	0	2721	0	0	0	False		
666	T	2721	2721	0	0	1	0	0	2721	0	False		
667	G	2721	2721	0	0	0	0	0	0	2721	False		
668	T	2721	2720	1	0	2	0	1	2720	0	False		
669	G	2721	2701	1	19	0	0	1	0	2701	False		
670	G	2721	2715	2	4	0	1	0	1	2715	False		
671	G	2721	2718	2	1	0	0	1	1	2718	False		
672	G	2721	2717	2	2	0	2	0	0	2717	False		
673	C	2721	2717	0	4	0	0	2717	0	0	False		
674	A	2721	2717	3	1	0	2717	0	0	3	False		
675	G	2721	2720	0	1	1	0	0	0	2720	False		
676	C	2721	2721	0	0	0	0	2721	0	0	False		
677	A	2721	2717	1	3	10	2717	0	0	1	False		
678	G	2721	2714	0	7	0	0	0	0	2714	False		
679	G	2721	2720	0	1	3	0	0	0	2720	False		
680	G	2721	2714	2	5	1	1	1	0	2714	False		
681	A	2721	2714	1	6	0	2714	0	0	1	False		
682	G	2721	2717	1	3	0	0	0	1	2717	False		
683	A	2721	2707	3	11	1	2707	3	0	0	False		
684	A	2721	2720	0	1	2	2720	0	0	0	False		
685	G	2721	2718	2	1	1	2	0	0	2718	False		
686	A	2721	2719	0	2	5	2719	0	0	0	False		6mA
687	T	2721	2721	0	0	4	0	0	2721	0	False		6mA
688	C	2721	2711	10	0	2	0	2711	10	0	False		
689	T	2721	2719	0	2	0	0	0	2719	0	False		
690	C	2721	2716	3	2	21	1	2716	2	0	False		
691	T	2721	2698	2	21	1	0	2	2698	0	False		
692	T	2721	2721	0	0	3	0	0	2721	0	False		
693	T	2721	2714	5	2	5	0	5	2714	0	False		
694	C	2721	2642	53	26	2	0	2642	53	0	False		
695	C	2721	2720	0	1	0	0	2720	0	0	False		
696	C	2721	2711	10	0	6	0	2711	9	1	False		
697	G	2721	2717	3	1	3	3	0	0	2717	False		
698	C	2721	2720	0	1	0	0	2720	0	0	False		
699	C	2721	2716	4	1	2	0	2716	3	1	False		
700	A	2721	2721	0	0	0	2721	0	0	0	False		
701	C	2721	2721	0	0	0	0	2721	0	0	False		
702	T	2721	2721	0	0	0	0	0	2721	0	False		
703	G	2721	2720	0	1	1	0	0	0	2720	False		
704	T	2721	2720	1	0	0	0	1	2720	0	False		
705	C	2721	2717	2	2	13	0	2717	0	2	False		
706	G	2721	2720	1	0	0	0	0	1	2720	False		
707	G	2721	2721	0	0	0	0	0	0	2721	False		
708	C	2721	2721	0	0	2	0	2721	0	0	False		
709	T	2721	2721	0	0	4	0	0	2721	0	False		
710	G	2721	2704	0	17	0	0	0	0	2704	False		
711	G	2721	2721	0	0	0	0	0	0	2721	False		
712	G	2721	2721	0	0	0	0	0	0	2721	False		
713	G	2721	2720	1	0	0	1	0	0	2720	False		
714	G	2721	2720	1	0	2	0	0	1	2720	False		
715	T	2721	2718	2	1	0	0	2	2718	0	False		
716	T	2721	2721	0	0	2	0	0	2721	0	False		
717	T	2721	2716	4	1	0	0	4	2716	0	False		
718	G	2721	2720	0	1	3	0	0	0	2720	False		
719	T	2721	2719	2	0	4	0	2	2719	0	False		
720	A	2721	2712	9	0	3	2712	8	0	1	False		
721	G	2721	2715	6	0	0	5	0	1	2715	False		
722	T	2721	2716	1	4	0	0	1	2716	0	False		
723	T	2721	2720	1	0	1	0	1	2720	0	False		
724	C	2721	2720	1	0	0	1	2720	0	0	False		
725	C	2721	2721	0	0	1	0	2721	0	0	False		
726	A	2721	2720	1	0	1	2720	0	0	1	False		
727	G	2719	2715	2	2	0	2	0	0	2715	False		
728	A	2719	2718	1	0	0	2718	0	0	1	False		
729	C	2719	2718	1	0	1	0	2718	1	0	False		
730	A	2719	2717	1	1	0	2717	0	0	1	False		
731	C	2719	2716	2	1	0	0	2716	2	0	False		
732	T	2719	2717	1	1	1	0	1	2717	0	False		
733	G	2719	2718	1	0	7	0	1	0	2718	False		
734	C	2719	2719	0	0	0	0	2719	0	0	False		
735	C	2719	2717	2	0	0	1	2717	0	1	False		
736	A	2719	2718	1	0	1	2718	0	0	1	False		
737	T	2719	2719	0	0	3	0	0	2719	0	False		
738	C	2719	2719	0	0	0	0	2719	0	0	False		
739	C	2719	2718	0	1	1	0	2718	0	0	False		
740	T	2719	2713	3	3	19	0	3	2713	0	False		
741	C	2719	2640	0	79	0	0	2640	0	0	False		
742	C	2719	2673	0	46	0	0	2673	0	0	False		
743	C	2719	2699	0	20	0	0	2699	0	0	False		
744	C	2719	2718	1	0	0	1	2718	0	0	False		
745	C	2719	2719	0	0	0	0	2719	0	0	False		
746	C	2719	2717	0	2	1	0	2717	0	0	False		
747	G	2719	2716	0	3	1	0	0	0	2716	False		
748	C	2719	2719	0	0	0	0	2719	0	0	False		
749	A	2719	2719	0	0	0	2719	0	0	0	False		
750	G	2719	2718	1	0	0	1	0	0	2718	False		
751	C	2719	2718	0	1	0	0	2718	0	0	False		
752	T	2719	2719	0	0	0	0	0	2719	0	False		
753	G	2719	2719	0	0	1	0	0	0	2719	False		
754	C	2719	2718	1	0	1	0	2718	0	1	False		
755	A	2719	2716	0	3	0	2716	0	0	0	False		
756	G	2719	2716	0	3	3	0	0	0	2716	False		
757	A	2719	2718	0	1	0	2718	0	0	0	False		
758	G	2719	2718	0	1	1	0	0	0	2718	False		
759	A	2719	2719	0	0	0	2719	0	0	0	False		
760	A	2719	2719	0	0	0	2719	0	0	0	False		
761	A	2719	2717	2	0	2	2717	0	0	2	False		
762	C	2719	2719	0	0	0	0	2719	0	0	False		
763	C	2719	2717	2	0	4	1	2717	1	0	False		
764	T	2719	2717	0	2	0	0	0	2717	0	False		
765	T	2719	2719	0	0	5	0	0	2719	0	False		
766	C	2719	2715	4	0	7	1	2715	0	3	False		
767	A	2719	2717	1	1	1	2717	0	0	1	False		
768	A	2719	2718	1	0	0	2718	0	0	1	False		
769	A	2719	2718	1	0	0	2718	0	0	1	False		
770	G	2719	2717	2	0	0	2	0	0	2717	False		
771	A	2719	2719	0	0	0	2719	0	0	0	False		
772	G	2719	2719	0	0	1	0	0	0	2719	False		
773	C	2719	2717	1	1	1	0	2717	1	0	False		
774	A	2719	2718	0	1	3	2718	0	0	0	False		
775	C	2719	2719	0	0	1	0	2719	0	0	False		
776	A	2719	2719	0	0	0	2719	0	0	0	False		
777	G	2719	2716	1	2	0	0	0	1	2716	False		
778	A	2719	2716	0	3	0	2716	0	0	0	False		6mA
779	T	2719	2719	0	0	1	0	0	2719	0	False		6mA
780	C	2719	2719	0	0	8	0	2719	0	0	False		
781	T	2719	2704	0	15	0	0	0	2704	0	False		
782	T	2719	2716	0	3	0	0	0	2716	0	False		
783	T	2719	2705	14	0	15	0	14	2705	0	False		
784	C	2719	2718	0	1	0	0	2718	0	0	False		
785	C	2719	2718	0	1	10	0	2718	0	0	False		
786	G	2719	2719	0	0	0	0	0	0	2719	False		
787	G	2719	2719	0	0	0	0	0	0	2719	False		
788	A	2719	2718	0	1	2	2718	0	0	0	False		
789	C	2719	2719	0	0	0	0	2719	0	0	False		
790	C	2719	2719	0	0	1	0	2719	0	0	False		5mC
791	T	2719	2719	0	0	1	0	0	2719	0	False		
792	G	2719	2719	0	0	0	0	0	0	2719	False		5mC
793	G	2719	2719	0	0	3	0	0	0	2719	False		
794	C	2719	2719	0	0	0	0	2719	0	0	False		
795	T	2719	2717	1	1	1	0	1	2717	0	False		
796	C	2719	2718	0	1	1	0	2718	0	0	False		
797	C	2719	2719	0	0	0	0	2719	0	0	False		
798	A	2719	2718	1	0	0	2718	0	0	1	False		
799	C	2719	2719	0	0	0	0	2719	0	0	False		
800	T	2719	2713	0	6	0	0	0	2713	0	False		
801	T	2719	2718	1	0	0	0	1	2718	0	False		
802	G	2719	2717	1	1	1	0	1	0	2717	False		
803	G	2719	2719	0	0	1	0	0	0	2719	False		
804	C	2719	2718	0	1	4	0	2718	0	0	False		
805	A	2719	2717	1	1	1	2717	1	0	0	False		
806	G	2719	2715	2	2	1	2	0	0	2715	False		
807	C	2719	2719	0	0	0	0	2719	0	0	False		
808	T	2719	2717	0	2	0	0	0	2717	0	False		
809	T	2719	2719	0	0	0	0	0	2719	0	False		
810	C	2719	2717	2	0	3	1	2717	1	0	False		
811	T	2719	2714	1	4	0	0	1	2714	0	False		
812	T	2719	2719	0	0	3	0	0	2719	0	False		
813	C	2719	2704	1	14	0	0	2704	0	1	False		
814	C	2719	2719	0	0	0	0	2719	0	0	False		
815	C	2719	2718	0	1	0	0	2718	0	0	False		
816	T	2719	2708	0	11	0	0	0	2708	0	False		
817	C	2719	2702	3	14	2	0	2702	1	2	False		
818	G	2719	2703	2	14	1	1	0	1	2703	False		
819	A	2719	2719	0	0	1	2719	0	0	0	False		
820	T	2719	2718	0	1	1	0	0	2718	0	False		
821	G	2719	2707	0	12	0	0	0	0	2707	False		
822	G	2719	2718	1	0	0	1	0	0	2718	False		
823	G	2719	2719	0	0	0	0	0	0	2719	False		
824	G	2719	2718	1	0	0	0	0	1	2718	False		
825	C	2719	2719	0	0	0	0	2719	0	0	False		
826	C	2719	2719	0	0	0	0	2719	0	0	False		
827	T	2719	2718	1	0	0	0	1	2718	0	False		
828	G	2719	2719	0	0	0	0	0	0	2719	False		
829	C	2719	2716	3	0	1	0	2716	3	0	False		
830	A	2719	2719	0	0	0	2719	0	0	0	False		
831	G	2719	2718	1	0	0	1	0	0	2718	False		
832	A	2719	2719	0	0	0	2719	0	0	0	False		
833	G	2719	2715	3	1	1	3	0	0	2715	False		
834	A	2719	2715	2	2	1	2715	0	0	2	False		
835	C	2719	2718	1	0	1	0	2718	1	0	False		
836	T	2719	2718	1	0	1	1	0	2718	0	False		
837	C	2719	2719	0	0	1	0	2719	0	0	False		
838	T	2719	2717	0	2	0	0	0	2717	0	False		
839	G	2719	2718	0	1	0	0	0	0	2718	False		
840	G	2719	2717	2	0	0	1	0	1	2717	False		
841	C	2719	2714	1	4	4	0	2714	0	1	False		
842	A	2719	2715	1	3	1	2715	1	0	0	False		
843	A	2719	2718	0	1	0	2718	0	0	0	False		
844	C	2719	2718	0	1	0	0	2718	0	0	False		
845	T	2719	2717	0	2	0	0	0	2717	0	False		
846	C	2719	2719	0	0	0	0	2719	0	0	False		
847	G	2719	2715	4	0	1	3	0	1	2715	False		
848	C	2719	2718	1	0	0	0	2718	1	0	False		
849	A	2719	2719	0	0	0	2719	0	0	0	False		
850	G	2715	2714	1	0	0	1	0	0	2714	False		
851	C	2715	2715	0	0	0	0	2715	0	0	False		
852	C	2715	2715	0	0	0	0	2715	0	0	False		
853	A	2715	2714	1	0	0	2714	0	0	1	False		
854	C	2715	2715	0	0	0	0	2715	0	0	False		
855	T	2715	2715	0	0	0	0	0	2715	0	False		
856	G	2715	2715	0	0	0	0	0	0	2715	False		
857	C	2715	2714	1	0	0	0	2714	1	0	False		
858	T	2715	2713	1	1	1	0	1	2713	0	False		
859	A	2715	2709	0	6	0	2709	0	0	0	False		
860	A	2715	2714	0	1	0	2714	0	0	0	False		
861	G	2715	2715	0	0	0	0	0	0	2715	False		
862	C	2715	2714	0	1	0	0	2714	0	0	False		
863	A	2715	2715	0	0	12	2715	0	0	0	False		
864	C	2715	2714	0	1	0	0	2714	0	0	False		
865	C	2715	2713	1	1	0	1	2713	0	0	False		
866	C	2715	2713	1	1	0	0	2713	1	0	False		
867	C	2715	2714	1	0	0	0	2714	1	0	False		5mC
868	T	2715	2713	0	2	0	0	0	2713	0	False		
869	G	2715	2715	0	0	0	0	0	0	2715	False		5mC
870	G	2715	2715	0	0	0	0	0	0	2715	False		
871	C	2715	2715	0	0	0	0	2715	0	0	False		
872	A	2715	2715	0	0	1	2715	0	0	0	False		
873	G	2715	2715	0	0	1	0	0	0	2715	False		
874	C	2715	2714	1	0	0	0	2714	1	0	False		
875	C	2715	2715	0	0	0	0	2715	0	0	False		
876	G	2715	2713	1	1	0	0	0	1	2713	False		
877	G	2715	2715	0	0	1	0	0	0	2715	False		
878	A	2715	2714	1	0	0	2714	0	0	1	False		
879	A	2715	2715	0	0	0	2715	0	0	0	False		
880	A	2715	2714	1	0	1	2714	0	0	1	False		
881	T	2715	2714	0	1	0	0	0	2714	0	False		
882	T	2715	2715	0	0	0	0	0	2715	0	False		
883	C	2715	2715	0	0	1	0	2715	0	0	False		
884	T	2715	2715	0	0	0	0	0	2715	0	False		
885	T	2715	2713	0	2	0	0	0	2713	0	False		
886	G	2715	2713	0	2	5	0	0	0	2713	False		
887	A	2715	2714	0	1	0	2714	0	0	0	False		
888	A	2715	2715	0	0	0	2715	0	0	0	False		
889	A	2715	2714	1	0	0	2714	1	0	0	False		
890	T	2715	2715	0	0	3	0	0	2715	0	False		
891	G	2715	2709	0	6	0	0	0	0	2709	False		
892	G	2715	2715	0	0	0	0	0	0	2715	False		
893	G	2715	2714	1	0	1	1	0	0	2714	False		
894	A	2715	2713	1	1	0	2713	0	0	1	False		
895	G	2715	2714	0	1	0	0	0	0	2714	False		
896	A	2715	2713	1	1	0	2713	1	0	0	False		
897	A	2715	2714	1	0	0	2714	0	0	1	False		
898	G	2715	2715	0	0	0	0	0	0	2715	False		
899	G	2715	2715	0	0	0	0	0	0	2715	False		
900	T	2715	2714	0	1	0	0	0	2714	0	False		
901	A	2715	2715	0	0	0	2715	0	0	0	False		
902	G	2715	2715	0	0	1	0	0	0	2715	False		
903	T	2715	2715	0	0	0	0	0	2715	0	False		
904	G	2715	2715	0	0	0	0	0	0	2715	False		
905	T	2715	2714	0	1	0	0	0	2714	0	False		
906	C	2715	2715	0	0	0	0	2715	0	0	False		
907	A	2715	2712	0	3	0	2712	0	0	0	False		
908	A	2715	2715	0	0	0	2715	0	0	0	False		
909	A	2715	2715	0	0	0	2715	0	0	0	False		
910	G	2715	2715	0	0	0	0	0	0	2715	False		
911	G	2715	2715	0	0	0	0	0	0	2715	False		
912	T	2715	2714	1	0	0	0	1	2714	0	False		
913	T	2715	2715	0	0	0	0	0	2715	0	False		
914	T	2715	2715	0	0	0	0	0	2715	0	False		
915	T	2715	2714	0	1	1	0	0	2714	0	False		
916	C	2715	2714	0	1	0	0	2714	0	0	False		
917	A	2715	2713	1	1	0	2713	1	0	0	False		
918	T	2715	2713	1	1	0	1	0	2713	0	False		
919	C	2715	2714	0	1	0	0	2714	0	0	False		
920	T	2715	2712	1	2	1	0	1	2712	0	False		
921	G	2715	2712	2	1	1	0	2	0	2712	False		
922	A	2715	2715	0	0	0	2715	0	0	0	False		
923	G	2715	2712	0	3	0	0	0	0	2712	False		
924	C	2715	2712	3	0	0	0	2712	3	0	False		
925	G	2715	2713	1	1	0	0	0	1	2713	False		
926	T	2715	2714	1	0	0	0	1	2714	0	False		
927	C	2715	2715	0	0	0	0	2715	0	0	False		
928	C	2715	2715	0	0	0	0	2715	0	0	False		
929	A	2715	2715	0	0	0	2715	0	0	0	False		
930	T	2715	2715	0	0	0	0	0	2715	0	False		
931	C	2715	2714	1	0	0	1	2714	0	0	False		
932	A	2715	2713	1	1	0	2713	0	0	1	False		
933	G	2715	2715	0	0	0	0	0	0	2715	False		
934	C	2715	2715	0	0	0	0	2715	0	0	False		
935	T	2715	2715	0	0	13	0	0	2715	0	False		
936	C	2715	2715	0	0	0	0	2715	0	0	False		
937	C	2715	2715	0	0	0	0	2715	0	0	False		
938	C	2715	2714	1	0	0	0	2714	1	0	False		
939	T	2715	2712	1	2	1	0	1	2712	0	False		
940	G	2715	2711	2	2	0	1	1	0	2711	False		
941	A	2715	2710	1	4	0	2710	0	1	0	False		6mA
942	T	2715	2713	0	2	0	0	0	2713	0	False		6mA
943	C	2715	2713	0	2	0	0	2713	0	0	False		
944	A	2715	2715	0	0	0	2715	0	0	0	False		
945	T	2715	2715	0	0	0	0	0	2715	0	False		
946	C	2715	2713	1	1	0	0	2713	0	1	False		
947	A	2715	2714	0	1	0	2714	0	0	0	False		
948	T	2715	2714	0	1	0	0	0	2714	0	False		
949	C	2715	2714	0	1	0	0	2714	0	0	False		
950	C	2715	2715	0	0	0	0	2715	0	0	False		
951	G	2715	2714	1	0	0	1	0	0	2714	False		
952	C	2715	2713	1	1	1	1	2713	0	0	False		
953	T	2715	2715	0	0	1	0	0	2715	0	False		
954	G	2715	2714	1	0	1	1	0	0	2714	False		
955	C	2715	2715	0	0	0	0	2715	0	0	False		
956	T	2715	2715	0	0	0	0	0	2715	0	False		
957	C	2715	2715	0	0	2	0	2715	0	0	False		
958	C	2715	2714	0	1	1	0	2714	0	0	False		
959	T	2715	2708	1	6	0	0	1	2708	0	False		
960	C	2715	2710	0	5	1	0	2710	0	0	False		
961	T	2715	2698	0	17	0	0	0	2698	0	False		
962	G	2715	2715	0	0	1	0	0	0	2715	False		
963	T	2715	2715	0	0	0	0	0	2715	0	False		
964	C	2715	2714	1	0	0	0	2714	1	0	False		
965	A	2715	2714	1	0	0	2714	0	0	1	False		
966	G	2715	2714	1	0	6	1	0	0	2714	False		
967	C	2715	2713	0	2	0	0	2713	0	0	False		
968	C	2715	2715	0	0	0	0	2715	0	0	False		
969	C	2715	2715	0	0	1	0	2715	0	0	False		
970	C	2715	2712	3	0	0	0	2712	3	0	False		
971	T	2715	2708	3	4	0	0	0	2708	3	False		
972	G	2715	2715	0	0	0	0	0	0	2715	False		
973	C	2715	2710	5	0	0	0	2710	0	5	False		
974	A	2715	2715	0	0	3	2715	0	0	0	False		
975	C	2715	2711	4	0	1	0	2711	4	0	False		
976	T	2715	2709	6	0	2	0	6	2709	0	False		
977	C	2715	2714	0	1	0	0	2714	0	0	False		
978	C	2715	2715	0	0	0	0	2715	0	0	False		
979	C	2715	2715	0	0	1	0	2715	0	0	False		
980	A	2715	2714	0	1	0	2714	0	0	0	False		
981	G	2715	2714	1	0	0	1	0	0	2714	False		
982	T	2715	2709	6	0	0	0	6	2709	0	False		
983	G	2715	2715	0	0	0	0	0	0	2715	False		
984	G	2715	2715	0	0	0	0	0	0	2715	False		
985	C	2715	2713	2	0	1	0	2713	2	0	False		
986	T	2715	2715	0	0	0	0	0	2715	0	False		
987	G	2715	2714	1	0	0	0	1	0	2714	False		
988	A	2715	2715	0	0	0	2715	0	0	0	False		
989	G	2715	2715	0	0	1	0	0	0	2715	False		
990	T	2715	2713	2	0	7	0	2	2713	0	False		
991	C	2715	2703	5	7	0	0	2703	5	0	False		
992	C	2715	2715	0	0	2	0	2715	0	0	False		
993	C	2715	2714	0	1	0	0	2714	0	0	False		
994	T	2715	2679	0	36	0	0	0	2679	0	False		
995	G	2715	2714	0	1	0	0	0	0	2714	False		
996	T	2715	2714	0	1	0	0	0	2714	0	False		
997	C	2715	2712	1	2	0	0	2712	1	0	False		
998	C	2715	2714	1	0	0	1	2714	0	0	False		
999	G	2715	2715	0	0	1	0	0	0	2715	False		
1000	T	2715	2715	0	0	0	0	0	2715	0	False		
1001	T	2715	2715	0	0	0	0	0	2715	0	False		
1002	C	2715	2714	1	0	1	0	2714	0	1	False		
1003	A	2715	2714	0	1	1	2714	0	0	0	False		
1004	C	2715	2714	1	0	0	0	2714	1	0	False		
1005	T	2715	2702	0	13	0	0	0	2702	0	False		
1006	T	2715	2714	1	0	0	0	1	2714	0	False		
1007	T	2715	2715	0	0	0	0	0	2715	0	False		
1008	T	2715	2715	0	0	0	0	0	2715	0	False		
1009	C	2715	2714	1	0	6	0	2714	1	0	False		
1010	T	2715	2708	0	7	0	0	0	2708	0	False		
1011	T	2715	2715	0	0	2	0	0	2715	0	False		
1012	C	2715	2715	0	0	0	0	2715	0	0	False		
1013	C	2715	2714	1	0	1	0	2714	1	0	False		
1014	G	2715	2714	1	0	0	1	0	0	2714	False		
1015	C	2715	2712	1	2	0	0	2712	1	0	False		
1016	T	2715	2714	0	1	0	0	0	2714	0	False		
1017	T	2715	2706	9	0	0	0	9	2706	0	False		
1018	G	2715	2715	0	0	0	0	0	0	2715	False		
1019	A	2715	2715	0	0	0	2715	0	0	0	False		6mA
1020	T	2715	2715	0	0	0	0	0	2715	0	False		6mA
1021	C	2715	2714	1	0	0	0	2714	1	0	False		
1022	A	2715	2713	2	0	0	2713	1	0	1	False		
1023	A	2715	2712	3	0	0	2712	0	0	3	False		
1024	G	2715	2713	1	1	0	1	0	0	2713	False		
1025	G	2715	2713	1	1	0	0	0	1	2713	False		
1026	C	2715	2713	0	2	0	0	2713	0	0	False		
1027	C	2715	2713	1	1	0	0	2713	1	0	False		
1028	C	2715	2715	0	0	0	0	2715	0	0	False		
1029	G	2715	2711	4	0	0	4	0	0	2711	False		
1030	C	2715	2713	0	2	3	0	2713	0	0	False		
1031	C	2715	2704	0	11	0	0	2704	0	0	False		
1032	T	2715	2704	0	11	1	0	0	2704	0	False		
1033	C	2715	2712	0	3	1	0	2712	0	0	False		
1034	T	2715	2713	0	2	0	0	0	2713	0	False		
1035	C	2715	2714	0	1	0	0	2714	0	0	False		
1036	C	2715	2715	0	0	0	0	2715	0	0	False		
1037	T	2715	2715	0	0	1	0	0	2715	0	False		
1038	C	2715	2713	2	0	0	0	2713	2	0	False		
1039	C	2715	2715	0	0	0	0	2715	0	0	False		
1040	A	2715	2715	0	0	0	2715	0	0	0	False		
1041	C	2715	2713	2	0	0	1	2713	0	1	False		
1042	G	2715	2715	0	0	0	0	0	0	2715	False		
1043	G	2715	2715	0	0	0	0	0	0	2715	False		
1044	C	2715	2715	0	0	0	0	2715	0	0	False		
1045	C	2715	2714	1	0	0	0	2714	1	0	False		
1046	T	2715	2713	0	2	0	0	0	2713	0	False		
1047	C	2715	2712	1	2	0	1	2712	0	0	False		
1048	G	2715	2712	1	2	2	1	0	0	2712	False		
1049	T	2715	2715	0	0	0	0	0	2715	0	False		
1050	C	2715	2711	3	1	0	2	2711	1	0	False		
1051	G	2715	2714	0	1	0	0	0	0	2714	False		
1052	G	2715	2712	2	1	0	2	0	0	2712	False		
1053	A	2715	2709	3	3	0	2709	0	0	3	False		
1054	C	2715	2711	3	1	0	0	2711	0	3	False		
1055	A	2715	2712	0	3	1	2712	0	0	0	False		
1056	T	2715	2711	2	2	1	0	1	2711	1	False		
1057	G	2715	2711	0	4	1	0	0	0	2711	False		
1058	A	2715	2709	0	6	3	2709	0	0	0	False		6mA
1059	T	2715	2705	2	8	1	0	1	2705	1	False		6mA
1060	C	2715	2682	24	9	1	5	2682	8	11	False		
1061	A	2715	2684	23	8	0	2684	7	12	4	False		
1062	T	2715	2674	28	13	8	4	11	2674	13	False		
1063	C	2715	2663	38	14	5	21	2663	9	8	False		
1064	T	2715	2681	23	11	11	10	5	2681	8	False		
1065	C	2715	2672	32	11	5	14	2672	8	10	False		
1066	C	2715	2650	26	39	0	14	2650	3	9	False		
1067	T	2715	2655	15	45	0	7	4	2655	4	False		
1068	T	2715	2651	23	41	6	7	10	2651	6	False		
1069	C	2715	2649	47	19	0	18	2649	21	8	False		
1070	T	2715	2655	36	24	3	12	17	2655	7	False		
1071	T	2715	2654	37	24	7	10	19	2654	8	False		
1072	C	2715	2659	28	28	0	9	2659	10	9	False		
1073	A	2715	2664	23	28	0	2664	3	8	12	False		
1074	T	2715	2661	24	30	12	11	10	2661	3	False		
1075	G	2715	2647	35	33	1	6	15	14	2647	False		
1076	C	2715	2652	29	34	0	17	2652	5	7	False		
1077	C	2715	2633	48	34	0	24	2633	19	5	False		
1078	G	2715	2668	23	24	1	14	3	6	2668	False		
1079	C	2715	2672	22	21	0	5	2672	10	7	False		
1080	T	2715	2676	22	17	6	16	3	2676	3	False		
1081	C	2715	2663	31	21	1	14	2663	9	8	False		
1082	T	2715	2669	25	21	13	7	5	2669	13	False		
1083	C	2715	2662	32	21	3	13	2662	9	10	False		
1084	C	2715	2672	22	21	0	6	2672	2	14	False		5mC
1085	A	2715	2658	33	24	1	2658	8	20	5	False		
1086	G	2715	2656	31	28	4	8	13	10	2656	False		5mC
1087	G	2715	2674	16	25	0	6	6	4	2674	False		
1088	C	2715	2673	16	26	0	7	2673	6	3	False		
1089	A	2715	2671	17	27	10	2671	9	1	7	False		
1090	C	2715	2658	34	23	0	16	2658	13	5	False		
1091	T	2715	2670	21	24	0	9	5	2670	7	False		
1092	T	2715	2668	24	23	8	10	9	2668	5	False		
1093	A	2715	2678	15	22	1	2678	5	4	6	False		
1094	C	2715	2675	18	22	2	6	2675	8	4	False		
1095	G	2715	2672	18	25	4	5	5	8	2672	False		
1096	C	2715	2664	27	24	0	3	2664	15	9	False		
1097	A	2715	2666	26	23	0	2666	4	7	15	False		
1098	G	2715	2661	28	26	4	14	9	5	2661	False		
1099	G	2715	2668	26	21	0	11	8	7	2668	False		
1100	C	2715	2665	29	21	0	11	2665	14	4	False		
1101	G	2715	2656	34	25	12	14	7	13	2656	False		
1102	G	2715	2674	18	23	1	10	2	6	2674	False		
1103	C	2715	2674	15	26	0	7	2674	8	0	False		
1104	A	2715	2680	8	27	12	2680	2	3	3	False		
1105	G	2715	2666	27	22	0	4	12	11	2666	False		
1106	G	2715	2669	24	22	13	4	8	12	2669	False		
1107	C	2715	2662	29	24	0	11	2662	9	9	False		
1108	C	2715	2671	16	28	1	3	2671	2	11	False		5mC
1109	T	2715	2669	17	29	5	8	4	2669	5	False		
1110	G	2715	2662	21	32	11	7	3	11	2662	False		5mC
1111	G	2715	2662	26	27	1	14	8	4	2662	False		
1112	C	2715	2665	23	27	5	4	2665	15	4	False		
1113	A	2715	2667	20	28	7	2667	11	3	6	False		
1114	C	2715	2660	27	28	0	11	2660	10	6	False		
1115	T	2715	2662	26	27	1	10	15	2662	1	False		
1116	G	2715	2652	31	32	11	15	12	4	2652	False		
1117	T	2715	2658	25	32	3	9	7	2658	9	False		
1118	C	2715	2660	24	31	0	7	2660	10	7	False		
1119	G	2715	2662	22	31	11	15	3	4	2662	False		
1120	C	2715	2653	25	37	0	6	2653	7	12	False		
1121	C	2715	2645	39	31	5	16	2645	14	9	False		
1122	G	2715	2651	32	32	5	12	9	11	2651	False		
1123	G	2715	2653	26	36	0	10	8	8	2653	False		
1124	G	2715	2658	22	35	0	12	8	2	2658	False		
1125	T	2715	2665	12	38	6	5	3	2665	4	False		
1126	T	2715	2646	40	29	0	10	18	2646	12	False		
1127	T	2715	2649	37	29	1	19	10	2649	8	False		
1128	T	2715	2638	41	36	19	10	21	2638	10	False		
1129	C	2715	2655	22	38	0	6	2655	6	10	False		
1130	C	2715	2651	28	36	2	12	2651	12	4	False		
1131	G	2715	2642	29	44	8	13	5	11	2642	False		
1132	G	2715	2647	32	36	0	11	19	2	2647	False		
1133	G	2715	2639	41	35	0	8	16	17	2639	False		
1134	T	2715	2630	58	27	9	20	26	2630	12	False		
1135	G	2714	2660	24	30	2	12	7	5	2660	False		
1136	A	2714	2668	18	28	2	2668	5	7	6	False		6mA
1137	T	2714	2663	20	31	5	10	6	2663	4	False		6mA
1138	C	2714	2642	35	37	0	14	2642	15	6	False		
1139	T	2714	2648	34	32	8	13	11	2648	10	False		
1140	C	2714	2624	42	48	6	13	2624	14	15	False		
1141	G	2714	2642	23	49	1	8	8	7	2642	False		
1142	C	2714	2665	19	30	0	7	2665	7	5	False		
1143	A	2714	2659	20	35	13	2659	6	7	7	False		
1144	G	2714	2659	21	34	1	9	5	7	2659	False		
1145	G	2714	2654	28	32	6	8	13	7	2654	False		
1146	C	2714	2656	26	32	0	10	2656	6	10	False		
1147	T	2714	2647	36	31	8	8	7	2647	21	False		
1148	C	2714	2646	37	31	0	14	2646	15	8	False		
1149	C	2714	2651	34	29	1	11	2651	15	8	False		
1150	T	2714	2651	22	41	0	6	12	2651	4	False		
1151	T	2714	2658	22	34	2	13	6	2658	3	False		
1152	T	2714	2652	30	32	21	9	16	2652	5	False		
1153	C	2714	2651	27	36	0	9	2651	5	13	False		
1154	C	2714	2656	27	31	13	7	2656	12	8	False		
1155	G	2714	2638	31	45	10	12	9	10	2638	False		
1156	G	2714	2658	20	36	6	9	6	5	2658	False		
1157	A	2714	2650	26	38	3	2650	9	12	5	False		
1158	A	2714	2656	20	38	4	2656	11	3	6	False		
1159	G	2714	2638	39	37	0	12	10	17	2638	False		
1160	G	2714	2641	38	35	0	12	6	20	2641	False		
1161	G	2714	2644	40	30	10	14	9	17	2644	False		
1162	G	2714	2655	30	29	1	7	15	8	2655	False		
1163	C	2714	2657	28	29	0	10	2657	11	7	False		
1164	A	2714	2657	30	27	6	2657	12	10	8	False		
1165	C	2714	2660	23	31	0	8	2660	4	11	False		
1166	C	2714	2656	25	33	2	5	2656	12	8	False		
1167	T	2714	2650	27	37	6	9	12	2650	6	False		
1168	C	2714	2638	42	34	0	16	2638	8	18	False		
1169	A	2714	2646	34	34	0	2646	8	14	12	False		
1170	G	2714	2645	32	37	6	11	7	14	2645	False		
1171	C	2714	2648	27	39	1	14	2648	2	11	False		
1172	C	2714	2641	35	38	4	15	2641	12	8	False		
1173	G	2712	2639	37	36	10	13	10	14	2639	False		
1174	G	2711	2644	35	32	0	13	9	13	2644	False		
1175	G	2711	2646	33	32	10	13	6	14	2646	False		
1176	C	2711	2646	33	32	0	8	2646	15	10	False		
1177	G	2711	2646	37	28	1	5	27	5	2646	False		
1178	T	2711	2661	18	32	0	8	4	2661	6	False		
1179	T	2711	2649	30	32	6	14	12	2649	4	False		
1180	G	2711	2645	30	36	0	11	6	13	2645	False		
1181	C	2711	2651	31	29	0	9	2651	15	7	False		
1182	G	2711	2657	22	32	13	10	8	4	2657	False		
1183	T	2711	2617	24	70	0	7	9	2617	8	False		
1184	T	2711	2667	20	24	2	6	11	2667	3	False		
1185	T	2711	2661	23	27	14	9	5	2661	9	False		
1186	C	2711	2652	26	33	1	5	2652	8	13	False		
1187	A	2711	2650	30	31	0	2650	10	17	3	False		
1188	T	2711	2653	27	31	4	9	9	2653	9	False		
1189	G	2711	2640	41	30	0	16	21	4	2640	False		
1190	G	2711	2644	38	29	8	8	7	23	2644	False		
1191	C	2711	2639	42	30	0	15	2639	17	10	False		
1192	C	2711	2656	20	35	1	11	2656	6	3	False		
1193	C	2711	2657	21	33	0	1	2657	15	5	False		
1194	T	2711	2654	25	32	6	13	8	2654	4	False		
1195	C	2711	2655	26	30	1	8	2655	9	9	False		
1196	C	2711	2656	26	29	1	6	2656	15	5	False		
1197	T	2711	2660	24	27	10	9	10	2660	5	False		
1198	G	2711	2647	35	29	1	11	13	11	2647	False		
1199	A	2711	2644	28	39	0	2644	18	8	2	False		
1200	A	2711	2649	24	38	8	2649	7	12	5	False		
1201	A	2711	2639	36	36	0	2639	15	16	5	False		
1202	A	2711	2647	39	25	6	2647	13	22	4	False		
1203	A	2711	2645	39	27	6	2645	12	18	9	False		
1204	G	2711	2648	34	29	2	9	14	11	2648	False		
1205	C	2711	2653	28	30	0	11	2653	8	9	False		
1206	C	2711	2651	33	27	0	20	2651	6	7	False		
1207	C	2711	2665	26	20	2	20	2665	3	3	False		
1208	T	2711	2666	24	21	0	9	7	2666	8	False		
1209	T	2711	2662	30	19	5	8	13	2662	9	False		
1210	G	2711	2677	13	21	1	3	1	9	2677	False		
1211	C	2711	2673	17	21	0	4	2673	10	3	False		
1212	A	2711	2675	17	19	11	2675	6	10	1	False		
1213	T	2711	2670	22	19	5	10	8	2670	4	False		
1214	C	2711	2664	30	17	0	13	2664	11	6	False		
1215	C	2711	2673	21	17	0	8	2673	6	7	False		
1216	T	2711	2663	32	16	0	5	13	2663	14	False		
1217	T	2711	2673	22	16	12	12	5	2673	5	False		
1218	C	2711	2663	32	16	3	13	2663	12	7	False		
1219	A	2711	2657	33	21	0	2657	6	12	15	False		
1220	C	2711	2661	30	20	3	7	2661	10	13	False		
1221	A	2711	2660	28	23	7	2660	9	9	10	False		
1222	T	2711	2660	30	21	0	6	16	2660	8	False		
1223	G	2711	2662	33	16	0	9	16	8	2662	False		
1224	T	2711	2671	23	17	15	11	5	2671	7	False		
1225	C	2711	2684	16	11	1	5	2684	1	10	False		
1226	A	2711	2689	16	6	0	2689	2	9	5	False		
1227	T	2711	2689	15	7	9	2	7	2689	6	False		
1228	G	2711	2707	1	3	0	1	0	0	2707	False		
1229	A	2711	2705	2	4	0	2705	1	0	1	False		
1230	C	2711	2707	0	4	0	0	2707	0	0	False		
1231	A	2711	2710	0	1	0	2710	0	0	0	False		
1232	T	2711	2711	0	0	0	0	0	2711	0	False		
1233	T	2711	2711	0	0	0	0	0	2711	0	False		
1234	G	2711	2710	1	0	0	0	1	0	2710	False		
1235	A	2711	2710	1	0	0	2710	0	0	1	False		
1236	A	2711	2711	0	0	0	2711	0	0	0	False		
1237	G	2711	2711	0	0	0	0	0	0	2711	False		
1238	T	2711	2710	0	1	0	0	0	2710	0	False		
1239	G	2711	2708	0	3	0	0	0	0	2708	False		
1240	A	2711	2709	2	0	0	2709	1	0	1	False		
1241	T	2711	2709	0	2	1	0	0	2709	0	False		
1242	A	2711	2707	2	2	1	2707	1	0	1	False		
1243	G	2711	2706	0	5	0	0	0	0	2706	False		
1244	C	2711	2707	1	3	0	0	2707	1	0	False		
1245	C	2711	2710	1	0	1	0	2710	0	1	False		
1246	A	2711	2702	2	7	0	2702	1	0	1	False		
1247	G	2711	2709	2	0	0	2	0	0	2709	False		
1248	T	2711	2703	5	3	0	1	2	2703	2	False		
1249	G	2711	2697	6	8	0	5	0	1	2697	False		
1250	G	2711	2707	4	0	0	2	2	0	2707	False		
1251	C	2711	2706	4	1	0	0	2706	4	0	False		
1252	C	2711	2710	1	0	0	1	2710	0	0	False		
1253	T	2711	2710	1	0	0	0	1	2710	0	False		
1254	T	2711	2710	1	0	0	0	1	2710	0	False		
1255	G	2711	2709	2	0	0	1	0	1	2709	False		
1256	T	2711	2709	2	0	1	0	2	2709	0	False		
1257	C	2711	2705	1	5	0	0	2705	1	0	False		
1258	C	2711	2704	2	5	0	0	2704	2	0	False		
1259	C	2711	2710	1	0	0	1	2710	0	0	False		
1260	C	2711	2708	0	3	0	0	2708	0	0	False		
1261	A	2711	2706	2	3	0	2706	0	0	2	False		
1262	C	2711	2711	0	0	0	0	2711	0	0	False		
1263	A	2711	2711	0	0	0	2711	0	0	0	False		
1264	T	2711	2710	1	0	0	0	0	2710	1	False		
1265	A	2711	2711	0	0	0	2711	0	0	0	False		
1266	C	2711	2711	0	0	0	0	2711	0	0	False		
1267	A	2711	2711	0	0	0	2711	0	0	0	False		
1268	C	2711	2711	0	0	0	0	2711	0	0	False		
1269	G	2711	2711	0	0	0	0	0	0	2711	False		
1270	G	2711	2711	0	0	0	0	0	0	2711	False		
1271	C	2711	2711	0	0	0	0	2711	0	0	False		
1272	A	2711	2710	1	0	0	2710	0	0	1	False		
1273	G	2711	2711	0	0	1	0	0	0	2711	False		
1274	A	2711	2710	1	0	6	2710	0	1	0	False		
1275	T	2711	2707	0	4	0	0	0	2707	0	False		
1276	T	2711	2711	0	0	0	0	0	2711	0	False		
1277	T	2711	2710	1	0	32	0	1	2710	0	False		
1278	G	2711	2696	5	10	0	0	4	1	2696	False		
1279	G	2711	2710	0	1	1	0	0	0	2710	False		
1280	G	2711	2710	1	0	0	1	0	0	2710	False		
1281	G	2711	2710	1	0	1	1	0	0	2710	False		
1282	A	2711	2706	5	0	0	2706	0	0	5	False		
1283	C	2711	2708	2	1	0	1	2708	1	0	False		
1284	C	2711	2710	1	0	0	0	2710	1	0	False		
1285	T	2711	2709	1	1	1	0	1	2709	0	False		
1286	C	2711	2709	1	1	1	0	2709	1	0	False		
1287	C	2711	2711	0	0	0	0	2711	0	0	False		
1288	G	2711	2697	12	2	1	11	0	1	2697	False		
1289	A	2711	2710	1	0	1	2710	0	0	1	False		
1290	C	2711	2709	2	0	0	0	2709	2	0	False		
1291	T	2711	2708	1	2	0	0	1	2708	0	False		
1292	T	2711	2709	2	0	0	0	1	2709	1	False		
1293	C	2711	2710	0	1	0	0	2710	0	0	False		
1294	C	2711	2709	1	1	0	0	2709	1	0	False		
1295	T	2711	2710	0	1	1	0	0	2710	0	False		
1296	C	2711	2710	1	0	0	0	2710	0	1	False		
1297	A	2711	2711	0	0	1	2711	0	0	0	False		
1298	T	2711	2711	0	0	0	0	0	2711	0	False		
1299	C	2711	2711	0	0	0	0	2711	0	0	False		
1300	T	2711	2709	2	0	0	0	1	2709	1	False		
1301	G	2711	2711	0	0	0	0	0	0	2711	False		
1302	C	2711	2711	0	0	0	0	2711	0	0	False		
1303	G	2711	2711	0	0	0	0	0	0	2711	False		
1304	T	2711	2711	0	0	0	0	0	2711	0	False		
1305	T	2711	2711	0	0	0	0	0	2711	0	False		
1306	G	2711	2709	2	0	0	2	0	0	2709	False		
1307	A	2711	2710	1	0	1	2710	0	0	1	False		
1308	C	2711	2710	1	0	0	0	2710	1	0	False		
1309	A	2711	2711	0	0	0	2711	0	0	0	False		
1310	C	2711	2710	1	0	0	0	2710	1	0	False		
1311	T	2711	2710	1	0	0	0	0	2710	1	False		
1312	G	2711	2710	1	0	0	0	0	1	2710	False		
1313	G	2711	2711	0	0	0	0	0	0	2711	False		
1314	G	2711	2711	0	0	0	0	0	0	2711	False		
1315	C	2711	2711	0	0	0	0	2711	0	0	False		
1316	T	2711	2708	2	1	0	0	2	2708	0	False		
1317	T	2711	2711	0	0	0	0	0	2711	0	False		
1318	T	2711	2711	0	0	3	0	0	2711	0	False		
1319	C	2711	2710	1	0	0	0	2710	0	1	False		
1320	C	2711	2711	0	0	0	0	2711	0	0	False		5mC
1321	A	2711	2711	0	0	2	2711	0	0	0	False		
1322	G	2711	2711	0	0	0	0	0	0	2711	False		5mC
1323	G	2711	2711	0	0	3	0	0	0	2711	False		
1324	A	2711	2704	0	7	2	2704	0	0	0	False		
1325	A	2711	2705	0	6	1	2705	0	0	0	False		
1326	C	2711	2703	2	6	0	0	2703	0	2	False		
1327	A	2711	2711	0	0	0	2711	0	0	0	False		
1328	G	2711	2709	1	1	0	0	0	1	2709	False		
1329	A	2711	2711	0	0	0	2711	0	0	0	False		
1330	C	2711	2708	0	3	0	0	2708	0	0	False		
1331	T	2711	2708	0	3	0	0	0	2708	0	False		
1332	C	2711	2708	0	3	0	0	2708	0	0	False		
1333	T	2711	2710	1	0	0	0	1	2710	0	False		
1334	G	2711	2711	0	0	0	0	0	0	2711	False		
1335	T	2711	2711	0	0	0	0	0	2711	0	False		
1336	G	2711	2710	0	1	3	0	0	0	2710	False		
1337	T	2711	2710	0	1	0	0	0	2710	0	False		
1338	C	2711	2710	0	1	0	0	2710	0	0	False		
1339	C	2711	2711	0	0	0	0	2711	0	0	False		
1340	T	2711	2710	1	0	0	0	1	2710	0	False		
1341	C	2711	2711	0	0	1	0	2711	0	0	False		
1342	A	2711	2709	2	0	0	2709	0	0	2	False		
1343	C	2711	2711	0	0	0	0	2711	0	0	False		
1344	A	2711	2711	0	0	0	2711	0	0	0	False		
1345	G	2711	2711	0	0	2	0	0	0	2711	False		
1346	T	2711	2709	0	2	0	0	0	2709	0	False		
1347	G	2711	2711	0	0	1	0	0	0	2711	False		
1348	T	2711	2711	0	0	0	0	0	2711	0	False		
1349	A	2711	2711	0	0	0	2711	0	0	0	False		
1350	C	2711	2711	0	0	0	0	2711	0	0	False		
1351	A	2711	2710	0	1	0	2710	0	0	0	False		
1352	A	2711	2711	0	0	0	2711	0	0	0	False		
1353	A	2711	2711	0	0	0	2711	0	0	0	False		
1354	G	2711	2711	0	0	0	0	0	0	2711	False		
1355	T	2711	2710	0	1	0	0	0	2710	0	False		
1356	C	2711	2709	0	2	0	0	2709	0	0	False		
1357	A	2711	2710	0	1	0	2710	0	0	0	False		
1358	G	2711	2710	0	1	0	0	0	0	2710	False		
1359	C	2711	2708	2	1	0	0	2708	1	1	False		
1360	A	2711	2710	0	1	0	2710	0	0	0	False		
1361	T	2711	2711	0	0	0	0	0	2711	0	False		
1362	G	2711	2708	3	0	0	0	3	0	2708	False		
1363	G	2711	2711	0	0	0	0	0	0	2711	False		
1364	T	2711	2710	1	0	0	0	1	2710	0	False		
1365	T	2711	2711	0	0	1	0	0	2711	0	False		
1366	C	2711	2707	2	2	0	0	2707	2	0	False		
1367	C	2711	2711	0	0	0	0	2711	0	0	False		
1368	A	2711	2711	0	0	1	2711	0	0	0	False		
1369	G	2711	2711	0	0	0	0	0	0	2711	False		
1370	C	2711	2703	2	6	0	0	2703	2	0	False		
1371	T	2711	2699	2	10	2	0	2	2699	0	False		
1372	T	2711	2705	0	6	2	0	0	2705	0	False		
1373	T	2711	2704	1	6	1	0	0	2704	1	False		
1374	C	2711	2705	6	0	8	0	2705	3	3	False		
1375	T	2711	2671	0	40	3	0	0	2671	0	False		
1376	T	2711	2711	0	0	0	0	0	2711	0	False		
1377	T	2711	2700	11	0	3	0	11	2700	0	False		
1378	G	2711	2710	0	1	0	0	0	0	2710	False		
1379	G	2711	2711	0	0	0	0	0	0	2711	False		
1380	G	2711	2711	0	0	0	0	0	0	2711	False		
1381	C	2711	2710	1	0	0	0	2710	1	0	False		
1382	C	2711	2710	1	0	0	0	2710	1	0	False		
1383	T	2711	2710	1	0	2	0	0	2710	1	False		
1384	C	2711	2710	0	1	0	0	2710	0	0	False		
1385	A	2711	2704	7	0	1	2704	0	0	7	False		
1386	C	2711	2711	0	0	2	0	2711	0	0	False		
1387	C	2711	2709	1	1	1	1	2709	0	0	False		
1388	T	2711	2710	0	1	13	0	0	2710	0	False		
1389	C	2711	2704	7	0	0	0	2704	1	6	False		
1390	C	2711	2710	1	0	0	0	2710	0	1	False		5mC
1391	A	2711	2705	3	3	0	2705	1	0	2	False		
1392	G	2711	2708	0	3	0	0	0	0	2708	False		5mC
1393	G	2711	2711	0	0	0	0	0	0	2711	False		
1394	G	2711	2706	5	0	2	3	1	1	2706	False		
1395	A	2711	2709	2	0	1	2709	0	0	2	False		
1396	G	2711	2708	2	1	0	0	2	0	2708	False		
1397	C	2711	2709	1	1	0	0	2709	1	0	False		
1398	C	2711	2709	1	1	0	0	2709	1	0	False		
1399	G	2711	2695	16	0	1	16	0	0	2695	False		
1400	C	2710	2707	0	3	0	0	2707	0	0	False		
1401	C	2710	2709	0	1	2	0	2709	0	0	False		
1402	T	2710	2708	1	1	10	0	1	2708	0	False		
1403	C	2710	2705	0	5	0	0	2705	0	0	False		
1404	C	2710	2710	0	0	6	0	2710	0	0	False		
1405	G	2710	2693	2	15	3	1	0	1	2693	False		
1406	G	2710	2696	13	1	3	8	3	2	2696	False		
1407	A	2710	2708	1	1	1	2708	0	0	1	False		
1408	G	2710	2703	2	5	1	0	2	0	2703	False		
1409	C	2710	2703	2	5	0	0	2703	2	0	False		
1410	C	2710	2702	4	4	0	0	2702	4	0	False		
1411	G	2710	2708	2	0	1	1	0	1	2708	False		
1412	C	2710	2710	0	0	0	0	2710	0	0	False		
1413	C	2710	2710	0	0	0	0	2710	0	0	False		
1414	T	2710	2708	2	0	1	0	2	2708	0	False		
1415	C	2710	2706	2	2	0	0	2706	2	0	False		
1416	C	2710	2710	0	0	1	0	2710	0	0	False		
1417	C	2710	2707	2	1	0	1	2707	1	0	False		
1418	T	2710	2709	0	1	0	0	0	2709	0	False		
1419	T	2710	2709	0	1	0	0	0	2709	0	False		
1420	G	2710	2707	2	1	1	0	2	0	2707	False		
1421	T	2710	2706	2	2	1	0	1	2706	1	False		
1422	A	2710	2706	0	4	1	2706	0	0	0	False		
1423	C	2710	2707	1	2	1	0	2707	0	1	False		
1424	A	2710	2710	0	0	0	2710	0	0	0	False		
1425	G	2710	2710	0	0	0	0	0	0	2710	False		
1426	C	2710	2709	1	0	11	0	2709	1	0	False		
1427	T	2710	2710	0	0	6	0	0	2710	0	False		
1428	C	2710	2709	1	0	3	0	2709	1	0	False		
1429	G	2710	2708	2	0	0	0	2	0	2708	False		
1430	T	2710	2710	0	0	3	0	0	2710	0	False		
1431	C	2710	2710	0	0	0	0	2710	0	0	False		
1432	C	2710	2708	2	0	0	1	2708	0	1	False		
1433	A	2710	2710	0	0	0	2710	0	0	0	False		
1434	T	2710	2710	0	0	0	0	0	2710	0	False		
1435	G	2710	2709	1	0	4	0	1	0	2709	False		
1436	C	2710	2710	0	0	0	0	2710	0	0	False		
1437	C	2710	2710	0	0	0	0	2710	0	0	False		
1438	C	2710	2710	0	0	1	0	2710	0	0	False		
1439	A	2710	2710	0	0	0	2710	0	0	0	False		
1440	T	2710	2710	0	0	0	0	0	2710	0	False		
1441	C	2710	2710	0	0	0	0	2710	0	0	False		
1442	A	2710	2709	1	0	0	2709	0	0	1	False		
1443	C	2710	2710	0	0	0	0	2710	0	0	False		
1444	A	2710	2710	0	0	0	2710	0	0	0	False		
1445	T	2710	2710	0	0	0	0	0	2710	0	False		
1446	C	2710	2708	1	1	0	0	2708	0	1	False		
1447	G	2710	2708	0	2	0	0	0	0	2708	False		
1448	G	2710	2708	0	2	0	0	0	0	2708	False		
1449	T	2710	2707	1	2	0	1	0	2707	0	False		
1450	A	2709	2708	0	1	0	2708	0	0	0	False		
1451	A	2709	2708	0	1	0	2708	0	0	0	False		
1452	A	2709	2708	1	0	0	2708	0	0	1	False		
1453	G	2709	2709	0	0	0	0	0	0	2709	False		
1454	G	2708	2707	1	0	0	1	0	0	2707	False		
1455	C	2708	2708	0	0	0	0	2708	0	0	False		
1456	C	2708	2708	0	0	1	0	2708	0	0	False		
1457	T	2702	2692	3	7	0	0	3	2692	0	False		
1458	T	2700	2698	2	0	0	0	2	2698	0	False		
1459	T	2694	2693	1	0	0	0	1	2693	0	False		
1460	T	2690	2689	1	0	1	0	1	2689	0	False		
1461	G	2678	2677	1	0	1	0	1	0	2677	False		
1462	C	2667	2666	1	0	1	0	2666	1	0	False		
1463	C	2634	2632	2	0	0	1	2632	0	1	False		
1464	A	2621	2621	0	0	0	2621	0	0	0	False		
1465	C	2594	2591	2	1	0	1	2591	1	0	False		
1466	T	2579	2577	1	1	1	0	0	2577	1	False		
1467	C	2554	2552	0	2	0	0	2552	0	0	False		
1468	C	2515	2514	0	1	1	0	2514	0	0	False		
1469	T	2483	2477	0	6	0	0	0	2477	0	False		
1470	T	2432	2432	0	0	1	0	0	2432	0	False		
1471	G	2388	2385	2	1	0	1	1	0	2385	False		
1472	A	2376	2376	0	0	0	2376	0	0	0	False		
1473	A	2352	2352	0	0	0	2352	0	0	0	False		
1474	G	2324	2324	0	0	0	0	0	0	2324	False		
1475	A	1142	1142	0	0	0	1142	0	0	0	False		
